category,total_sales
Home,78355044.81000015
Fashion,73571757.42999996
Sports,79161624.05000019
Electronics,83937373.71999991
Books,77417255.48000005
